id,email,username,password,age,gender,date_added
1,amandastewart@example.com,brownlee,(iB4Sbx9j!,55,Other,2024-07-31 10:03:19
2,cortezsarah@example.org,williamskaren,(u3eULvBj0,39,Female,2024-07-31 10:03:19
3,davidsuarez@example.org,amyhawkins,6Tn9a6Ns1@,49,Other,2024-07-31 10:03:19
4,knoxtony@example.com,cainmichelle,Vsv6EnboN_,21,Other,2024-07-31 10:03:19
5,zsandoval@example.com,vmorris,E+&+y0Su)9,60,Female,2024-07-31 10:03:19
6,stephaniehernandez@example.net,michael93,!Z2PErwS#w,57,Male,2024-07-31 10:03:19
7,kmedina@example.com,roberto68,)1NVUWy6Z,39,Female,2024-07-31 10:03:19
8,teresamalone@example.net,jane76,N8lyXkLa+9,29,Male,2024-07-31 10:03:19
9,emartinez@example.com,sheriroy,Z74Qh^Kh*!,50,Male,2024-07-31 10:03:19
10,ihernandez@example.com,erica27,gp%1Hnahom,69,Other,2024-07-31 10:03:19
11,cassandra26@example.net,nicholasmolina,#KuIufPpP1,27,Female,2024-07-31 10:03:19
12,vturner@example.com,carrie57,^*w8NaJaS(,55,Female,2024-07-31 10:03:19
13,kelly88@example.com,michelle84,vkRDvU5g@8,29,Male,2024-07-31 10:03:19
14,campbellscott@example.com,craigbaker,fa0atR0D%$,51,Female,2024-07-31 10:03:19
15,robertsjacqueline@example.net,hillsarah,3iK3Dxjlz*,29,Male,2024-07-31 10:03:19
16,johnmathis@example.net,davisheather,(Q2TKDlo%e,24,Other,2024-07-31 10:03:19
17,drodgers@example.net,barry82,(ny4NTOq@a,43,Female,2024-07-31 10:03:19
18,christopherhicks@example.net,christopherstevenson,(9cEt8Xu&_,54,Male,2024-07-31 10:03:19
19,yestrada@example.net,bridget33,2MFGYR+h+8,80,Female,2024-07-31 10:03:19
20,amyking@example.net,edward16,ZI)2DVoKvw,75,Other,2024-07-31 10:03:19
21,powersandrea@example.com,mmiller,M4HPb4Dq(0,78,Other,2024-07-31 10:03:19
22,alyssacooper@example.com,hannah45,*8(2NTnz#9,27,Other,2024-07-31 10:03:19
23,lauragarrett@example.org,sheila38,*6GNguRuK5,50,Female,2024-07-31 10:03:19
24,michelletorres@example.org,jspencer,(I4(EsKnYR,61,Female,2024-07-31 10:03:19
25,travis75@example.net,zoe53,$8IfeH@k^a,47,Other,2024-07-31 10:03:19
26,christopherroberts@example.org,sherryoconnell,*A9tE(qp(2,54,Other,2024-07-31 10:03:19
27,josephmoore@example.org,patrickcarter,#3CbZoGuMc,68,Male,2024-07-31 10:03:19
28,markcisneros@example.net,michael91,)7IoLEtr6m,36,Other,2024-07-31 10:03:19
29,caroline73@example.com,brendabennett,^0bICkahen,79,Other,2024-07-31 10:03:19
30,afrye@example.org,beverlyhunter,^4O!@60bzB,43,Female,2024-07-31 10:03:19
31,matthewyoung@example.org,markmitchell,^QXib@zQR6,61,Other,2024-07-31 10:03:19
32,jennifermason@example.com,jeffreymurray,#3NtNR(!3k,76,Female,2024-07-31 10:03:19
33,hensonmichael@example.org,srangel,c^g%8KBxQQ,41,Other,2024-07-31 10:03:19
34,ncalhoun@example.net,melissajones,+ad2nFiD7k,53,Female,2024-07-31 10:03:19
35,englishdeborah@example.com,zachary89,_KZh4LVcTm,26,Female,2024-07-31 10:03:19
36,omckenzie@example.net,loganwilson,5rBi7JQ3)j,37,Other,2024-07-31 10:03:19
37,cruzgerald@example.org,richard63,0f&EtBNw)*,23,Other,2024-07-31 10:03:19
38,harrisonlaurie@example.net,anthonynichols,%eY06oBrf^,27,Other,2024-07-31 10:03:19
39,ugill@example.org,pattyherrera,^r1F4eL_j),36,Other,2024-07-31 10:03:19
40,cheryl40@example.net,lowetravis,Szw&T2EzLQ,18,Other,2024-07-31 10:03:19
41,rmcclure@example.net,gschneider,r#0Tm#MCoJ,72,Female,2024-07-31 10:03:19
42,turnerbrenda@example.com,justin16,yzK3W_kr5(,53,Male,2024-07-31 10:03:19
43,turnerkenneth@example.org,barbarahernandez,m!5P8tQSb4,47,Male,2024-07-31 10:03:19
44,austin94@example.org,leegeorge,Fd8dT+MhK!,51,Other,2024-07-31 10:03:19
45,charles18@example.org,katrina74,iK)4iOBxg@,73,Male,2024-07-31 10:03:19
46,smithphilip@example.net,theresagreene,%PSWUdw!39,44,Female,2024-07-31 10:03:19
47,crystalsmith@example.com,gutierrezsara,l8H8)jO%)2,43,Female,2024-07-31 10:03:19
48,raymartinez@example.org,kimalexander,Q88mX&p4*n,29,Female,2024-07-31 10:03:19
49,andreamoore@example.com,gutierrezjimmy,)N_3Xnf9U*,62,Female,2024-07-31 10:03:19
50,hansenjonathan@example.com,cherylwallace,Of72CuiI+s,35,Other,2024-07-31 10:03:19
51,melissastevens@example.org,jongarza,%8HU%yNbeq,23,Female,2024-07-31 10:03:19
52,escobarsamantha@example.org,gomezsamantha,PY$10qLsjc,41,Other,2024-07-31 10:03:19
53,bryantvictoria@example.com,jessica69,&5d038W2Ms,26,Other,2024-07-31 10:03:19
54,harrisgilbert@example.org,ajohns,_Y+5Otq67R,51,Female,2024-07-31 10:03:19
55,janicebrooks@example.net,ssantos,DVNBAA2l)7,52,Male,2024-07-31 10:03:19
56,kellyhouston@example.net,garciadaniel,*7&bWjnW%A,20,Female,2024-07-31 10:03:19
57,tommythompson@example.net,qbarrera,t$1gCA)ckX,42,Male,2024-07-31 10:03:19
58,chad45@example.org,amber79,^5fOSPlP5z,32,Female,2024-07-31 10:03:19
59,valenzuelagilbert@example.net,ellisjoseph,%$Mf8sCv88,62,Other,2024-07-31 10:03:19
60,gary46@example.com,phenry,aB)(5Fw2em,64,Other,2024-07-31 10:03:19
61,vjones@example.com,schmittjeffrey,&nz3A_KvO9,48,Female,2024-07-31 10:03:19
62,jmiller@example.net,umartinez,Z0PxHe6x^j,69,Female,2024-07-31 10:03:19
63,warrensarah@example.com,gregory29,rip^DurE)7,72,Male,2024-07-31 10:03:19
64,abigail78@example.com,tracy26,U9AhNz&P@,50,Female,2024-07-31 10:03:19
65,robert24@example.net,robyn63,$SI%!^snl3,63,Male,2024-07-31 10:03:19
66,christopherrivera@example.com,michaelmann,98PSkh(tL,39,Female,2024-07-31 10:03:19
67,hclark@example.com,arodriguez,_w#$w3Wbt),77,Male,2024-07-31 10:03:19
68,eschneider@example.org,oreid,WYl_T5Ou$Z,72,Female,2024-07-31 10:03:19
69,johnsonkeith@example.org,griffinmitchell,M*2R5+mnmi,57,Female,2024-07-31 10:03:19
70,millernancy@example.com,phillipsandrew,f1*z1ScdDs,52,Male,2024-07-31 10:03:19
71,kleincrystal@example.net,briananderson,r5vI0Mos*7,40,Other,2024-07-31 10:03:19
72,phillipslauren@example.com,gilbertjill,j^q1EUy(VT,73,Male,2024-07-31 10:03:19
73,troy61@example.com,jay49,l$2iJ&a_tQ,56,Female,2024-07-31 10:03:19
74,powellmichelle@example.com,brandonvincent,+@0RizN(#&,60,Female,2024-07-31 10:03:19
75,gomezrichard@example.com,foxjon,D+0!uiNu@S,74,Other,2024-07-31 10:03:19
76,lynn32@example.com,dillonchristina,D51NzaIx)#,74,Other,2024-07-31 10:03:19
77,nturner@example.com,johnleonard,)9%XjKSq+&,55,Female,2024-07-31 10:03:19
78,ntaylor@example.net,youngmelanie,#5Yf5CKmS,68,Male,2024-07-31 10:03:19
79,terri08@example.net,uball,o9YQu!t9+U,76,Other,2024-07-31 10:03:19
80,kristy70@example.com,williampage,L82DVmp@c,35,Female,2024-07-31 10:03:19
81,pburke@example.org,ryan14,+02C4vAWgV,35,Male,2024-07-31 10:03:19
82,aprilgoodwin@example.net,garciakatherine,q6xFRXpP+1,49,Female,2024-07-31 10:03:19
83,erincopeland@example.org,rmeadows,if8Fx@Md*1,28,Female,2024-07-31 10:03:19
84,robert42@example.com,sullivanjessica,*%2htMuqZQ,73,Male,2024-07-31 10:03:19
85,davidcarlson@example.net,patrick84,!*yS2^g9NX,47,Other,2024-07-31 10:03:19
86,cmartinez@example.org,eric17,(@r!V5r#55,39,Male,2024-07-31 10:03:19
87,james77@example.com,howardshannon,TsM5EkIDB^,56,Male,2024-07-31 10:03:19
88,kim68@example.net,jonessheryl,&KD0VQv4r^,77,Male,2024-07-31 10:03:19
89,srobertson@example.com,williamsfrederick,zKqU9OJcM$,44,Female,2024-07-31 10:03:19
90,allison69@example.org,kimberlylester,E1RN9wBl%m,74,Female,2024-07-31 10:03:19
91,warematthew@example.com,christophervasquez,@$0QcCba&5,52,Other,2024-07-31 10:03:19
92,matthew12@example.org,lisakrueger,O22Nu(*v!9,54,Female,2024-07-31 10:03:19
93,lauracampbell@example.net,joe13,YUfOLCvn*4,39,Other,2024-07-31 10:03:19
94,jackharris@example.net,jacquelinewilliams,t$PZR9vi7P,20,Female,2024-07-31 10:03:19
95,sfisher@example.com,patrickwilliams,8&0MPtvdjn,59,Female,2024-07-31 10:03:19
96,owensfelicia@example.net,isaac26,#5u6XPsqq_,74,Female,2024-07-31 10:03:19
97,thomas10@example.com,kendra04,xGuB9Xbx)I,42,Other,2024-07-31 10:03:19
98,edwardjohnson@example.com,kristina11,)kZr^oXf1^,67,Female,2024-07-31 10:03:19
99,gabrielle57@example.com,hooverbilly,_@8wM#CyUi,39,Other,2024-07-31 10:03:19
100,leonarddonald@example.net,bgoodwin,Y^8lVXur88,38,Female,2024-07-31 10:03:19
